"Clock","TCGA_Correlation","CPTAC_Correlation","Difference"
"Hannum",0.959832316992223,0.881464593221449,0.078367723770774
"Horvath",0.941672138450962,0.664797982384337,0.276874156066625
"PhenoAge",0.912563152308032,0.952321595578402,-0.0397584432703705
