Dataset,Normal_Samples,Total_Columns,Percentage
CPTAC-3,748,124,21.794871794871796
TCGA,2684,58,78.2051282051282
Total,3432,2,100.0
